{"header":{"preview_image":"\/r\/saved_objects\/stonehearth\/building_templates\/gate.png","name":"Gate","cost":{"items":{},"resources":{"stone resource":324}}},"root":{"stonehearth:building":{"structures":{"stonehearth:roof":{},"stonehearth:column":{},"stonehearth:stairs":{},"stonehearth:wall":{},"stonehearth:floor":[306534],"stonehearth:fixture_fabricator":{}}},"id":306491,"uri":"stonehearth:build:prototypes:building","children":{"306534":{"stonehearth:floor":{"connected_to":{},"category":"slab"},"mob":{"orientation":{"y":0,"x":0,"w":1,"z":0},"position":{"y":0,"x":0,"z":0}},"stonehearth:construction_data":{"project_adjacent_to_base":false},"shape":[{"max":{"y":13,"x":0,"z":3},"min":{"y":12,"x":-1,"z":1},"tag":1644859},{"max":{"y":8,"x":1,"z":3},"min":{"y":7,"x":0,"z":1},"tag":1644859},{"max":{"y":13,"x":16,"z":3},"min":{"y":11,"x":0,"z":1},"tag":1644859},{"max":{"y":11,"x":3,"z":3},"min":{"y":1,"x":1,"z":1},"tag":1644859},{"max":{"y":8,"x":7,"z":3},"min":{"y":7,"x":3,"z":1},"tag":1644859},{"max":{"y":11,"x":9,"z":3},"min":{"y":8,"x":7,"z":1},"tag":1644859},{"max":{"y":7,"x":15,"z":3},"min":{"y":1,"x":13,"z":1},"tag":1644859},{"max":{"y":11,"x":15,"z":3},"min":{"y":8,"x":13,"z":1},"tag":1644859},{"max":{"y":13,"x":17,"z":3},"min":{"y":12,"x":16,"z":1},"tag":1644859},{"max":{"y":9,"x":1,"z":3},"min":{"y":8,"x":0,"z":1},"tag":2368588},{"max":{"y":9,"x":7,"z":3},"min":{"y":8,"x":3,"z":1},"tag":2368588},{"max":{"y":9,"x":13,"z":3},"min":{"y":8,"x":9,"z":1},"tag":2368588},{"max":{"y":9,"x":16,"z":3},"min":{"y":8,"x":15,"z":1},"tag":2368588},{"max":{"y":12,"x":0,"z":3},"min":{"y":11,"x":-1,"z":1},"tag":2697556},{"max":{"y":1,"x":1,"z":3},"min":{"y":0,"x":0,"z":1},"tag":2697556},{"max":{"y":1,"x":3,"z":4},"min":{"y":0,"x":1,"z":0},"tag":2697556},{"max":{"y":1,"x":4,"z":3},"min":{"y":0,"x":3,"z":1},"tag":2697556},{"max":{"y":1,"x":13,"z":3},"min":{"y":0,"x":12,"z":1},"tag":2697556},{"max":{"y":1,"x":15,"z":4},"min":{"y":0,"x":13,"z":0},"tag":2697556},{"max":{"y":1,"x":16,"z":3},"min":{"y":0,"x":15,"z":1},"tag":2697556},{"max":{"y":12,"x":17,"z":3},"min":{"y":11,"x":16,"z":1},"tag":2697556},{"max":{"y":15,"x":-2,"z":1},"min":{"y":14,"x":-3,"z":0},"tag":3748652},{"max":{"y":16,"x":-2,"z":3},"min":{"y":15,"x":-3,"z":1},"tag":3748652},{"max":{"y":15,"x":-2,"z":4},"min":{"y":14,"x":-3,"z":3},"tag":3748652},{"max":{"y":14,"x":0,"z":1},"min":{"y":13,"x":-2,"z":0},"tag":3748652},{"max":{"y":15,"x":-1,"z":3},"min":{"y":14,"x":-2,"z":1},"tag":3748652},{"max":{"y":14,"x":0,"z":4},"min":{"y":13,"x":-2,"z":3},"tag":3748652},{"max":{"y":15,"x":0,"z":2},"min":{"y":14,"x":-1,"z":1},"tag":3748652},{"max":{"y":15,"x":2,"z":3},"min":{"y":14,"x":0,"z":1},"tag":3748652},{"max":{"y":14,"x":4,"z":1},"min":{"y":13,"x":1,"z":0},"tag":3748652},{"max":{"y":14,"x":2,"z":4},"min":{"y":13,"x":1,"z":1},"tag":3748652},{"max":{"y":15,"x":3,"z":3},"min":{"y":14,"x":2,"z":2},"tag":3748652},{"max":{"y":14,"x":4,"z":4},"min":{"y":13,"x":2,"z":3},"tag":3748652},{"max":{"y":15,"x":4,"z":2},"min":{"y":14,"x":3,"z":1},"tag":3748652},{"max":{"y":15,"x":6,"z":3},"min":{"y":14,"x":4,"z":1},"tag":3748652},{"max":{"y":14,"x":18,"z":1},"min":{"y":13,"x":5,"z":0},"tag":3748652},{"max":{"y":14,"x":6,"z":4},"min":{"y":13,"x":5,"z":3},"tag":3748652},{"max":{"y":15,"x":7,"z":2},"min":{"y":14,"x":6,"z":1},"tag":3748652},{"max":{"y":15,"x":9,"z":3},"min":{"y":14,"x":7,"z":1},"tag":3748652},{"max":{"y":14,"x":12,"z":4},"min":{"y":13,"x":7,"z":3},"tag":3748652},{"max":{"y":15,"x":12,"z":3},"min":{"y":14,"x":9,"z":2},"tag":3748652},{"max":{"y":15,"x":15,"z":3},"min":{"y":14,"x":12,"z":1},"tag":3748652},{"max":{"y":14,"x":16,"z":4},"min":{"y":13,"x":13,"z":3},"tag":3748652},{"max":{"y":14,"x":15,"z":3},"min":{"y":13,"x":14,"z":1},"tag":3748652},{"max":{"y":15,"x":17,"z":2},"min":{"y":14,"x":16,"z":1},"tag":3748652},{"max":{"y":15,"x":18,"z":3},"min":{"y":14,"x":17,"z":1},"tag":3748652},{"max":{"y":14,"x":18,"z":4},"min":{"y":13,"x":17,"z":3},"tag":3748652},{"max":{"y":15,"x":19,"z":1},"min":{"y":14,"x":18,"z":0},"tag":3748652},{"max":{"y":16,"x":19,"z":3},"min":{"y":15,"x":18,"z":1},"tag":3748652},{"max":{"y":15,"x":19,"z":4},"min":{"y":14,"x":18,"z":3},"tag":3748652},{"max":{"y":15,"x":0,"z":3},"min":{"y":14,"x":-1,"z":2},"tag":6051150},{"max":{"y":14,"x":1,"z":1},"min":{"y":13,"x":0,"z":0},"tag":6051150},{"max":{"y":14,"x":1,"z":4},"min":{"y":13,"x":0,"z":3},"tag":6051150},{"max":{"y":15,"x":3,"z":2},"min":{"y":14,"x":2,"z":1},"tag":6051150},{"max":{"y":15,"x":4,"z":3},"min":{"y":14,"x":3,"z":2},"tag":6051150},{"max":{"y":14,"x":5,"z":1},"min":{"y":13,"x":4,"z":0},"tag":6051150},{"max":{"y":14,"x":5,"z":4},"min":{"y":13,"x":4,"z":3},"tag":6051150},{"max":{"y":15,"x":7,"z":3},"min":{"y":14,"x":6,"z":2},"tag":6051150},{"max":{"y":14,"x":7,"z":4},"min":{"y":13,"x":6,"z":3},"tag":6051150},{"max":{"y":15,"x":12,"z":2},"min":{"y":14,"x":9,"z":1},"tag":6051150},{"max":{"y":14,"x":13,"z":4},"min":{"y":13,"x":12,"z":3},"tag":6051150},{"max":{"y":15,"x":16,"z":3},"min":{"y":14,"x":15,"z":1},"tag":6051150},{"max":{"y":15,"x":17,"z":3},"min":{"y":14,"x":16,"z":2},"tag":6051150},{"max":{"y":14,"x":17,"z":4},"min":{"y":13,"x":16,"z":3},"tag":6051150},{"max":{"y":8,"x":16,"z":3},"min":{"y":7,"x":9,"z":1},"tag":1644859},{"max":{"y":8,"x":9,"z":3},"min":{"y":7,"x":7,"z":1},"tag":2697556}],"uri":"stonehearth:build:prototypes:floor","stonehearth:construction_progress":{"building_entity":306491,"fabricator_component_name":"stonehearth:fabricator"}}},"stonehearth:construction_progress":{}}}