{"header":{"preview_image":"\/r\/saved_objects\/stonehearth\/building_templates\/gazebo.png","name":"Gazebo","cost":{"items":{},"resources":{"wood resource":174}}},"root":{"stonehearth:building":{"structures":{"stonehearth:roof":{},"stonehearth:column":{},"stonehearth:stairs":{},"stonehearth:fixture_fabricator":{},"stonehearth:floor":[355645,355465,356365,293890,356185,356005,273498,355825],"stonehearth:wall":{}}},"id":273455,"uri":"stonehearth:build:prototypes:building","children":{"355825":{"stonehearth:floor":{"connected_to":{},"category":"slab"},"mob":{"orientation":{"y":0,"x":0,"w":1,"z":0},"position":{"y":0,"x":0,"z":0}},"stonehearth:construction_data":{"project_adjacent_to_base":false},"shape":[{"max":{"y":5,"x":1,"z":4},"min":{"y":0,"x":0,"z":3},"tag":2964826},{"max":{"y":5,"x":7,"z":4},"min":{"y":0,"x":6,"z":3},"tag":2964826},{"max":{"y":5,"x":7,"z":5},"min":{"y":4,"x":0,"z":4},"tag":3823461},{"max":{"y":7,"x":2,"z":3},"min":{"y":6,"x":1,"z":0},"tag":3823461},{"max":{"y":7,"x":5,"z":3},"min":{"y":6,"x":2,"z":2},"tag":3823461},{"max":{"y":7,"x":6,"z":3},"min":{"y":6,"x":5,"z":0},"tag":3823461},{"max":{"y":5,"x":8,"z":4},"min":{"y":4,"x":7,"z":0},"tag":3823461},{"max":{"y":6,"x":1,"z":3},"min":{"y":5,"x":0,"z":1},"tag":5604501},{"max":{"y":6,"x":3,"z":4},"min":{"y":5,"x":1,"z":3},"tag":5604501},{"max":{"y":8,"x":3,"z":1},"min":{"y":7,"x":2,"z":0},"tag":5604501},{"max":{"y":8,"x":4,"z":2},"min":{"y":7,"x":3,"z":0},"tag":5604501},{"max":{"y":8,"x":5,"z":2},"min":{"y":7,"x":4,"z":1},"tag":5604501},{"max":{"y":6,"x":7,"z":4},"min":{"y":5,"x":5,"z":3},"tag":5604501},{"max":{"y":6,"x":7,"z":1},"min":{"y":5,"x":6,"z":0},"tag":5604501},{"max":{"y":6,"x":1,"z":1},"min":{"y":5,"x":0,"z":0},"tag":6657189},{"max":{"y":6,"x":1,"z":4},"min":{"y":5,"x":0,"z":3},"tag":6657189},{"max":{"y":8,"x":3,"z":2},"min":{"y":7,"x":2,"z":1},"tag":6657189},{"max":{"y":6,"x":5,"z":4},"min":{"y":5,"x":3,"z":3},"tag":6657189},{"max":{"y":8,"x":5,"z":1},"min":{"y":7,"x":4,"z":0},"tag":6657189},{"max":{"y":6,"x":7,"z":3},"min":{"y":5,"x":6,"z":1},"tag":6657189},{"max":{"y":1,"x":1,"z":3},"min":{"y":0,"x":0,"z":2},"tag":7769234},{"max":{"y":1,"x":2,"z":5},"min":{"y":0,"x":1,"z":3},"tag":7769234},{"max":{"y":1,"x":6,"z":5},"min":{"y":0,"x":5,"z":3},"tag":7769234},{"max":{"y":1,"x":8,"z":3},"min":{"y":0,"x":6,"z":2},"tag":7769234}],"uri":"stonehearth:build:prototypes:floor","stonehearth:construction_progress":{"building_entity":273455,"fabricator_component_name":"stonehearth:fabricator"}},"356365":{"stonehearth:floor":{"connected_to":{},"category":"foundation"},"mob":{"orientation":{"y":0,"x":0,"w":1,"z":0},"position":{"y":-1,"x":0,"z":0}},"stonehearth:construction_data":{"project_adjacent_to_base":false},"shape":[{"max":{"y":1,"x":8,"z":2},"min":{"y":0,"x":6,"z":1},"tag":6657189},{"max":{"y":1,"x":6,"z":4},"min":{"y":0,"x":5,"z":3},"tag":6657189},{"max":{"y":1,"x":1,"z":2},"min":{"y":0,"x":0,"z":0},"tag":5604501},{"max":{"y":1,"x":7,"z":1},"min":{"y":0,"x":5,"z":0},"tag":6657189},{"max":{"y":1,"x":2,"z":3},"min":{"y":0,"x":1,"z":1},"tag":5604501},{"max":{"y":1,"x":5,"z":4},"min":{"y":0,"x":4,"z":2},"tag":6657189},{"max":{"y":1,"x":3,"z":4},"min":{"y":0,"x":2,"z":2},"tag":5604501},{"max":{"y":1,"x":4,"z":3},"min":{"y":0,"x":3,"z":2},"tag":6657189},{"max":{"y":1,"x":4,"z":1},"min":{"y":0,"x":3,"z":0},"tag":5604501},{"max":{"y":1,"x":4,"z":5},"min":{"y":0,"x":3,"z":3},"tag":5604501},{"max":{"y":1,"x":3,"z":5},"min":{"y":0,"x":2,"z":4},"tag":6657189},{"max":{"y":1,"x":5,"z":2},"min":{"y":0,"x":4,"z":0},"tag":5604501},{"max":{"y":1,"x":5,"z":5},"min":{"y":0,"x":4,"z":4},"tag":5604501},{"max":{"y":1,"x":4,"z":2},"min":{"y":0,"x":2,"z":1},"tag":6657189},{"max":{"y":1,"x":6,"z":3},"min":{"y":0,"x":5,"z":1},"tag":5604501},{"max":{"y":1,"x":2,"z":4},"min":{"y":0,"x":1,"z":3},"tag":6657189},{"max":{"y":1,"x":7,"z":4},"min":{"y":0,"x":6,"z":2},"tag":5604501},{"max":{"y":1,"x":8,"z":1},"min":{"y":0,"x":7,"z":0},"tag":5604501},{"max":{"y":1,"x":3,"z":1},"min":{"y":0,"x":1,"z":0},"tag":6657189},{"max":{"y":1,"x":1,"z":4},"min":{"y":0,"x":0,"z":2},"tag":6657189}],"uri":"stonehearth:build:prototypes:floor","stonehearth:construction_progress":{"building_entity":273455,"fabricator_component_name":"stonehearth:fabricator"}},"356005":{"stonehearth:floor":{"connected_to":{},"category":"foundation"},"mob":{"orientation":{"y":0,"x":0,"w":1,"z":0},"position":{"y":-1,"x":-1,"z":0}},"stonehearth:construction_data":{"project_adjacent_to_base":false},"shape":[{"max":{"y":1,"x":1,"z":1},"min":{"y":0,"x":0,"z":0},"tag":5604501},{"max":{"y":1,"x":1,"z":2},"min":{"y":0,"x":0,"z":1},"tag":6657189}],"uri":"stonehearth:build:prototypes:floor","stonehearth:construction_progress":{"building_entity":273455,"fabricator_component_name":"stonehearth:fabricator"}},"355645":{"stonehearth:floor":{"connected_to":{},"category":"slab"},"mob":{"orientation":{"y":0,"x":0,"w":1,"z":0},"position":{"y":0,"x":0,"z":-4}},"stonehearth:construction_data":{"project_adjacent_to_base":false},"shape":[{"max":{"y":5,"x":1,"z":2},"min":{"y":0,"x":0,"z":1},"tag":2964826},{"max":{"y":5,"x":7,"z":2},"min":{"y":0,"x":6,"z":1},"tag":2964826},{"max":{"y":5,"x":7,"z":1},"min":{"y":4,"x":0,"z":0},"tag":3823461},{"max":{"y":7,"x":2,"z":4},"min":{"y":6,"x":1,"z":2},"tag":3823461},{"max":{"y":7,"x":5,"z":3},"min":{"y":6,"x":2,"z":2},"tag":3823461},{"max":{"y":7,"x":6,"z":4},"min":{"y":6,"x":5,"z":2},"tag":3823461},{"max":{"y":5,"x":8,"z":4},"min":{"y":4,"x":7,"z":1},"tag":3823461},{"max":{"y":6,"x":1,"z":3},"min":{"y":5,"x":0,"z":1},"tag":5604501},{"max":{"y":8,"x":3,"z":4},"min":{"y":7,"x":2,"z":3},"tag":5604501},{"max":{"y":6,"x":5,"z":2},"min":{"y":5,"x":3,"z":1},"tag":5604501},{"max":{"y":6,"x":7,"z":4},"min":{"y":5,"x":6,"z":3},"tag":5604501},{"max":{"y":6,"x":1,"z":4},"min":{"y":5,"x":0,"z":3},"tag":6657189},{"max":{"y":6,"x":3,"z":2},"min":{"y":5,"x":1,"z":1},"tag":6657189},{"max":{"y":8,"x":5,"z":4},"min":{"y":7,"x":3,"z":3},"tag":6657189},{"max":{"y":6,"x":7,"z":2},"min":{"y":5,"x":5,"z":1},"tag":6657189},{"max":{"y":6,"x":7,"z":3},"min":{"y":5,"x":6,"z":2},"tag":6657189},{"max":{"y":1,"x":1,"z":3},"min":{"y":0,"x":0,"z":2},"tag":7769234},{"max":{"y":1,"x":2,"z":2},"min":{"y":0,"x":1,"z":0},"tag":7769234},{"max":{"y":1,"x":6,"z":2},"min":{"y":0,"x":5,"z":0},"tag":7769234},{"max":{"y":1,"x":8,"z":3},"min":{"y":0,"x":6,"z":2},"tag":7769234}],"uri":"stonehearth:build:prototypes:floor","stonehearth:construction_progress":{"building_entity":273455,"fabricator_component_name":"stonehearth:fabricator"}},"355465":{"stonehearth:floor":{"connected_to":{},"category":"slab"},"mob":{"orientation":{"y":0,"x":0,"w":1,"z":0},"position":{"y":0,"x":-1,"z":0}},"stonehearth:construction_data":{"project_adjacent_to_base":false},"shape":[{"max":{"y":5,"x":1,"z":4},"min":{"y":4,"x":0,"z":0},"tag":3823461},{"max":{"y":1,"x":1,"z":3},"min":{"y":0,"x":0,"z":2},"tag":7769234}],"uri":"stonehearth:build:prototypes:floor","stonehearth:construction_progress":{"building_entity":273455,"fabricator_component_name":"stonehearth:fabricator"}},"293890":{"stonehearth:floor":{"connected_to":{},"category":"slab"},"mob":{"orientation":{"y":0,"x":0,"w":1,"z":0},"position":{"y":0,"x":6,"z":3}},"stonehearth:construction_data":{"project_adjacent_to_base":false},"shape":[{"max":{"y":5,"x":-6,"z":-3},"min":{"y":4,"x":-7,"z":-6},"tag":3823461},{"max":{"y":1,"x":-6,"z":-4},"min":{"y":0,"x":-7,"z":-5},"tag":7769234}],"uri":"stonehearth:build:prototypes:floor","stonehearth:construction_progress":{"building_entity":273455,"fabricator_component_name":"stonehearth:fabricator"}},"356185":{"stonehearth:floor":{"connected_to":{},"category":"foundation"},"mob":{"orientation":{"y":0,"x":0,"w":1,"z":0},"position":{"y":-1,"x":0,"z":-4}},"stonehearth:construction_data":{"project_adjacent_to_base":false},"shape":[{"max":{"y":1,"x":7,"z":2},"min":{"y":0,"x":6,"z":1},"tag":6657189},{"max":{"y":1,"x":1,"z":2},"min":{"y":0,"x":0,"z":1},"tag":5604501},{"max":{"y":1,"x":6,"z":4},"min":{"y":0,"x":5,"z":3},"tag":6657189},{"max":{"y":1,"x":2,"z":3},"min":{"y":0,"x":1,"z":1},"tag":5604501},{"max":{"y":1,"x":5,"z":4},"min":{"y":0,"x":4,"z":2},"tag":6657189},{"max":{"y":1,"x":3,"z":4},"min":{"y":0,"x":2,"z":2},"tag":5604501},{"max":{"y":1,"x":4,"z":3},"min":{"y":0,"x":3,"z":2},"tag":6657189},{"max":{"y":1,"x":4,"z":1},"min":{"y":0,"x":3,"z":0},"tag":5604501},{"max":{"y":1,"x":4,"z":4},"min":{"y":0,"x":3,"z":3},"tag":5604501},{"max":{"y":1,"x":4,"z":2},"min":{"y":0,"x":2,"z":1},"tag":6657189},{"max":{"y":1,"x":5,"z":2},"min":{"y":0,"x":4,"z":0},"tag":5604501},{"max":{"y":1,"x":3,"z":1},"min":{"y":0,"x":2,"z":0},"tag":6657189},{"max":{"y":1,"x":2,"z":4},"min":{"y":0,"x":1,"z":3},"tag":6657189},{"max":{"y":1,"x":6,"z":3},"min":{"y":0,"x":5,"z":1},"tag":5604501},{"max":{"y":1,"x":1,"z":4},"min":{"y":0,"x":0,"z":2},"tag":6657189},{"max":{"y":1,"x":7,"z":4},"min":{"y":0,"x":6,"z":2},"tag":5604501},{"max":{"y":1,"x":8,"z":4},"min":{"y":0,"x":7,"z":3},"tag":5604501}],"uri":"stonehearth:build:prototypes:floor","stonehearth:construction_progress":{"building_entity":273455,"fabricator_component_name":"stonehearth:fabricator"}},"273498":{"stonehearth:floor":{"connected_to":{},"category":"foundation"},"mob":{"orientation":{"y":0,"x":0,"w":1,"z":0},"position":{"y":-1,"x":0,"z":0}},"stonehearth:construction_data":{"project_adjacent_to_base":false},"shape":[{"max":{"y":1,"x":0,"z":0},"min":{"y":0,"x":-1,"z":-1},"tag":5604501}],"uri":"stonehearth:build:prototypes:floor","stonehearth:construction_progress":{"building_entity":273455,"fabricator_component_name":"stonehearth:fabricator"}}},"stonehearth:construction_progress":{}}}