{"header":{"preview_image":"\/r\/saved_objects\/stonehearth\/building_templates\/mini tower.png","name":"Mini Tower","cost":{"items":{"stonehearth:portals:wooden_window_frame_tall":{"icon":"\/stonehearth\/entities\/construction\/wooden_window_frame_tall\/wooden_window_frame_tall.png","name":"i18n(stonehearth:entities.construction.wooden_window_frame_tall.wooden_window_frame_tall_ghost.display_name)","count":8}},"resources":{"wood resource":320}}},"root":{"stonehearth:building":{"structures":{"stonehearth:roof":[244138],"stonehearth:column":[236107,234913,235459,238483,238123,237115,237799,237475,236791,235783,235099,236467],"stonehearth:stairs":{},"stonehearth:wall":[236287,235963,235639,238807,238663,237295,238303,237979,236971,235279,237655,236647],"stonehearth:floor":[262839,262659,262479,262299,230593,229516,262113],"stonehearth:fixture_fabricator":[241971,242788,241861,242659,241702,242319,242225,242115]}},"id":229473,"uri":"stonehearth:build:prototypes:building","children":{"229516":{"stonehearth:floor":{"connected_to":{},"category":"slab"},"mob":{"orientation":{"y":0,"x":0,"w":1,"z":0},"position":{"y":0,"x":0,"z":0}},"stonehearth:construction_data":{"project_adjacent_to_base":false},"shape":[{"max":{"y":6,"x":0,"z":0},"min":{"y":5,"x":-1,"z":-1},"tag":1581360}],"uri":"stonehearth:build:prototypes:floor","stonehearth:construction_progress":{"building_entity":229473,"fabricator_component_name":"stonehearth:fabricator"}},"235099":{"mob":{"orientation":{"y":0,"x":0,"w":1,"z":0},"position":{"y":6,"x":5,"z":-1}},"stonehearth:construction_data":{"project_adjacent_to_base":true},"shape":[{"max":{"y":6,"x":1,"z":1},"min":{"y":0,"x":0,"z":0},"tag":2042675}],"stonehearth:column":{"brush":"#332B1F","roof":244138,"connected_walls":[235279,235639]},"uri":"stonehearth:build:prototypes:column","stonehearth:construction_progress":{"building_entity":229473,"fabricator_component_name":"stonehearth:fabricator"}},"238663":{"stonehearth:wall":{"normal":{"y":0,"x":0,"z":-1},"brush":"stonehearth:build:brushes:wall:wooden_wall","pos_a":{"y":6,"x":-1,"z":0},"roofs":[244138],"column_b":238483,"column_a":238123,"pos_b":{"y":6,"x":0,"z":0}},"mob":{"orientation":{"y":0,"x":0,"w":1,"z":0},"position":{"y":6,"x":0,"z":0}},"stonehearth:construction_data":{"normal":{"y":0,"x":0,"z":-1},"project_adjacent_to_base":false},"uri":"stonehearth:build:prototypes:wall","shape":{},"stonehearth:construction_progress":{"building_entity":229473,"fabricator_component_name":"stonehearth:fabricator"}},"237295":{"stonehearth:wall":{"normal":{"y":0,"x":0,"z":1},"brush":"stonehearth:build:brushes:wall:wooden_wall","pos_a":{"y":6,"x":0,"z":6},"roofs":[244138],"column_b":236791,"column_a":237115,"pos_b":{"y":6,"x":5,"z":6}},"mob":{"orientation":{"y":0,"x":0,"w":1,"z":0},"position":{"y":6,"x":4,"z":6}},"stonehearth:construction_data":{"normal":{"y":0,"x":0,"z":1},"project_adjacent_to_base":false},"uri":"stonehearth:build:prototypes:wall","shape":[{"max":{"y":1,"x":1,"z":1},"min":{"y":0,"x":-3,"z":0},"tag":3097678},{"max":{"y":6,"x":1,"z":1},"min":{"y":4,"x":-3,"z":0},"tag":3097678}],"children":{"242659":{"mob":{"orientation":{"y":1,"x":0,"w":0,"z":0},"position":{"y":1,"x":0,"z":0}},"stonehearth:fixture_fabricator":{"normal":{"y":0,"x":0,"z":1},"fixture_uri":"stonehearth:portals:wooden_window_frame_tall"},"uri":"\/stonehearth\/entities\/construction\/wooden_window_frame_tall\/wooden_window_frame_tall_ghost.json","stonehearth:construction_progress":{"building_entity":229473,"fabricator_component_name":"stonehearth:fixture_fabricator"}},"242788":{"mob":{"orientation":{"y":1,"x":0,"w":0,"z":0},"position":{"y":1,"x":-2,"z":0}},"stonehearth:fixture_fabricator":{"normal":{"y":0,"x":0,"z":1},"fixture_uri":"stonehearth:portals:wooden_window_frame_tall"},"uri":"\/stonehearth\/entities\/construction\/wooden_window_frame_tall\/wooden_window_frame_tall_ghost.json","stonehearth:construction_progress":{"building_entity":229473,"fabricator_component_name":"stonehearth:fixture_fabricator"}}},"stonehearth:construction_progress":{"building_entity":229473,"fabricator_component_name":"stonehearth:fabricator"}},"237799":{"mob":{"orientation":{"y":0,"x":0,"w":1,"z":0},"position":{"y":6,"x":-1,"z":5}},"stonehearth:construction_data":{"project_adjacent_to_base":true},"shape":[{"max":{"y":6,"x":1,"z":1},"min":{"y":0,"x":0,"z":0},"tag":2042675}],"stonehearth:column":{"brush":"#332B1F","roof":244138,"connected_walls":[237979,238303]},"uri":"stonehearth:build:prototypes:column","stonehearth:construction_progress":{"building_entity":229473,"fabricator_component_name":"stonehearth:fabricator"}},"235639":{"stonehearth:wall":{"normal":{"y":0,"x":1,"z":0},"brush":"stonehearth:build:brushes:wall:wooden_wall","pos_a":{"y":6,"x":5,"z":-1},"roofs":[244138],"column_b":235459,"column_a":235099,"pos_b":{"y":6,"x":5,"z":0}},"mob":{"orientation":{"y":0,"x":0,"w":1,"z":0},"position":{"y":6,"x":5,"z":0}},"stonehearth:construction_data":{"normal":{"y":0,"x":1,"z":0},"project_adjacent_to_base":false},"uri":"stonehearth:build:prototypes:wall","shape":{},"stonehearth:construction_progress":{"building_entity":229473,"fabricator_component_name":"stonehearth:fabricator"}},"236107":{"mob":{"orientation":{"y":0,"x":0,"w":1,"z":0},"position":{"y":6,"x":6,"z":5}},"stonehearth:construction_data":{"project_adjacent_to_base":true},"shape":[{"max":{"y":6,"x":1,"z":1},"min":{"y":0,"x":0,"z":0},"tag":2042675}],"stonehearth:column":{"brush":"#332B1F","roof":244138,"connected_walls":[236287,236647]},"uri":"stonehearth:build:prototypes:column","stonehearth:construction_progress":{"building_entity":229473,"fabricator_component_name":"stonehearth:fabricator"}},"244138":{"stonehearth:roof":{"nine_grid_region":[{"min":{"y":7,"x":1},"max":{"y":8,"x":7}},{"min":{"y":1,"x":0},"max":{"y":7,"x":8}},{"min":{"y":0,"x":1},"max":{"y":1,"x":7}}],"nine_grid_margin_right":1,"nine_grid_margin_back":1,"nine_grid_mode":"peaked","nine_grid_margin_front":1,"nine_grid_y_offset":-1,"nine_grid_margin_left":1,"brush":"stonehearth:build:brushes:roof:wooden_peaked_roof","nine_grid_gradient":["back","front","right","left"],"nine_grid_slope":1,"nine_grid_max_height":1},"mob":{"orientation":{"y":0,"x":0,"w":1,"z":0},"position":{"y":12,"x":-1,"z":-1}},"stonehearth:construction_data":{"project_adjacent_to_base":false},"shape":[{"max":{"y":1,"x":3,"z":4},"min":{"y":0,"x":0,"z":3},"tag":1581360},{"max":{"y":1,"x":5,"z":5},"min":{"y":0,"x":4,"z":0},"tag":1581360},{"max":{"y":0,"x":5,"z":0},"min":{"y":-1,"x":4,"z":-1},"tag":1581360},{"max":{"y":1,"x":7,"z":8},"min":{"y":0,"x":6,"z":7},"tag":1581360},{"max":{"y":1,"x":8,"z":4},"min":{"y":0,"x":6,"z":3},"tag":1581360},{"max":{"y":0,"x":5,"z":9},"min":{"y":-1,"x":4,"z":8},"tag":1581360},{"max":{"y":1,"x":5,"z":8},"min":{"y":0,"x":4,"z":6},"tag":1581360},{"max":{"y":1,"x":1,"z":3},"min":{"y":0,"x":0,"z":1},"tag":2042689},{"max":{"y":1,"x":1,"z":7},"min":{"y":0,"x":0,"z":4},"tag":2042689},{"max":{"y":1,"x":8,"z":7},"min":{"y":0,"x":7,"z":4},"tag":2042689},{"max":{"y":1,"x":4,"z":3},"min":{"y":0,"x":1,"z":0},"tag":2042689},{"max":{"y":1,"x":8,"z":3},"min":{"y":0,"x":7,"z":1},"tag":2042689},{"max":{"y":1,"x":4,"z":5},"min":{"y":0,"x":1,"z":4},"tag":2042689},{"max":{"y":1,"x":7,"z":6},"min":{"y":0,"x":1,"z":5},"tag":2042689},{"max":{"y":1,"x":4,"z":8},"min":{"y":0,"x":1,"z":6},"tag":2042689},{"max":{"y":1,"x":6,"z":8},"min":{"y":0,"x":5,"z":7},"tag":2042689},{"max":{"y":1,"x":4,"z":4},"min":{"y":0,"x":3,"z":3},"tag":2042689},{"max":{"y":1,"x":7,"z":7},"min":{"y":0,"x":5,"z":6},"tag":2042689},{"max":{"y":1,"x":7,"z":3},"min":{"y":0,"x":5,"z":0},"tag":2042689},{"max":{"y":1,"x":7,"z":5},"min":{"y":0,"x":5,"z":4},"tag":2042689},{"max":{"y":1,"x":6,"z":4},"min":{"y":0,"x":5,"z":3},"tag":2042689},{"max":{"y":0,"x":1,"z":1},"min":{"y":-1,"x":-1,"z":0},"tag":2964826},{"max":{"y":0,"x":0,"z":8},"min":{"y":-1,"x":-1,"z":1},"tag":2964826},{"max":{"y":0,"x":4,"z":0},"min":{"y":-1,"x":0,"z":-1},"tag":2964826},{"max":{"y":0,"x":1,"z":9},"min":{"y":-1,"x":0,"z":7},"tag":2964826},{"max":{"y":0,"x":9,"z":7},"min":{"y":-1,"x":8,"z":0},"tag":2964826},{"max":{"y":0,"x":7,"z":0},"min":{"y":-1,"x":5,"z":-1},"tag":2964826},{"max":{"y":0,"x":4,"z":9},"min":{"y":-1,"x":1,"z":8},"tag":2964826},{"max":{"y":0,"x":8,"z":9},"min":{"y":-1,"x":5,"z":8},"tag":2964826},{"max":{"y":0,"x":9,"z":8},"min":{"y":-1,"x":7,"z":7},"tag":2964826},{"max":{"y":0,"x":8,"z":1},"min":{"y":-1,"x":7,"z":-1},"tag":2964826}],"uri":"stonehearth:build:prototypes:roof","stonehearth:construction_progress":{"building_entity":229473,"fabricator_component_name":"stonehearth:fabricator"}},"262839":{"stonehearth:floor":{"connected_to":{},"category":"foundation"},"mob":{"orientation":{"y":0,"x":0,"w":1,"z":0},"position":{"y":5,"x":0,"z":0}},"stonehearth:construction_data":{"project_adjacent_to_base":false},"shape":[{"max":{"y":1,"x":1,"z":4},"min":{"y":0,"x":0,"z":2},"tag":5604501},{"max":{"y":1,"x":1,"z":7},"min":{"y":0,"x":0,"z":6},"tag":5604501},{"max":{"y":1,"x":2,"z":1},"min":{"y":0,"x":1,"z":0},"tag":5604501},{"max":{"y":1,"x":2,"z":5},"min":{"y":0,"x":1,"z":3},"tag":5604501},{"max":{"y":1,"x":3,"z":2},"min":{"y":0,"x":2,"z":0},"tag":5604501},{"max":{"y":1,"x":3,"z":6},"min":{"y":0,"x":2,"z":4},"tag":5604501},{"max":{"y":1,"x":4,"z":2},"min":{"y":0,"x":3,"z":1},"tag":5604501},{"max":{"y":1,"x":4,"z":7},"min":{"y":0,"x":3,"z":5},"tag":5604501},{"max":{"y":1,"x":5,"z":4},"min":{"y":0,"x":4,"z":2},"tag":5604501},{"max":{"y":1,"x":5,"z":7},"min":{"y":0,"x":4,"z":6},"tag":5604501},{"max":{"y":1,"x":6,"z":1},"min":{"y":0,"x":5,"z":0},"tag":5604501},{"max":{"y":1,"x":6,"z":5},"min":{"y":0,"x":5,"z":3},"tag":5604501},{"max":{"y":1,"x":7,"z":2},"min":{"y":0,"x":6,"z":0},"tag":5604501},{"max":{"y":1,"x":7,"z":6},"min":{"y":0,"x":6,"z":4},"tag":5604501},{"max":{"y":1,"x":1,"z":1},"min":{"y":0,"x":0,"z":0},"tag":6657189},{"max":{"y":1,"x":2,"z":2},"min":{"y":0,"x":0,"z":1},"tag":6657189},{"max":{"y":1,"x":1,"z":5},"min":{"y":0,"x":0,"z":4},"tag":6657189},{"max":{"y":1,"x":2,"z":6},"min":{"y":0,"x":0,"z":5},"tag":6657189},{"max":{"y":1,"x":2,"z":3},"min":{"y":0,"x":1,"z":2},"tag":6657189},{"max":{"y":1,"x":3,"z":7},"min":{"y":0,"x":1,"z":6},"tag":6657189},{"max":{"y":1,"x":5,"z":1},"min":{"y":0,"x":3,"z":0},"tag":6657189},{"max":{"y":1,"x":5,"z":5},"min":{"y":0,"x":3,"z":4},"tag":6657189},{"max":{"y":1,"x":5,"z":2},"min":{"y":0,"x":4,"z":1},"tag":6657189},{"max":{"y":1,"x":5,"z":6},"min":{"y":0,"x":4,"z":5},"tag":6657189},{"max":{"y":1,"x":6,"z":3},"min":{"y":0,"x":5,"z":1},"tag":6657189},{"max":{"y":1,"x":6,"z":7},"min":{"y":0,"x":5,"z":5},"tag":6657189},{"max":{"y":1,"x":7,"z":4},"min":{"y":0,"x":6,"z":2},"tag":6657189}],"uri":"stonehearth:build:prototypes:floor","stonehearth:construction_progress":{"building_entity":229473,"fabricator_component_name":"stonehearth:fabricator"}},"234913":{"mob":{"orientation":{"y":0,"x":0,"w":1,"z":0},"position":{"y":6,"x":0,"z":-1}},"stonehearth:construction_data":{"project_adjacent_to_base":true},"shape":[{"max":{"y":6,"x":1,"z":1},"min":{"y":0,"x":0,"z":0},"tag":2042675}],"stonehearth:column":{"brush":"#332B1F","roof":244138,"connected_walls":[235279,238807]},"uri":"stonehearth:build:prototypes:column","stonehearth:construction_progress":{"building_entity":229473,"fabricator_component_name":"stonehearth:fabricator"}},"237979":{"stonehearth:wall":{"normal":{"y":0,"x":0,"z":1},"brush":"stonehearth:build:brushes:wall:wooden_wall","pos_a":{"y":6,"x":-1,"z":5},"roofs":[244138],"column_b":237475,"column_a":237799,"pos_b":{"y":6,"x":0,"z":5}},"mob":{"orientation":{"y":0,"x":0,"w":1,"z":0},"position":{"y":6,"x":-1,"z":5}},"stonehearth:construction_data":{"normal":{"y":0,"x":0,"z":1},"project_adjacent_to_base":false},"uri":"stonehearth:build:prototypes:wall","shape":{},"stonehearth:construction_progress":{"building_entity":229473,"fabricator_component_name":"stonehearth:fabricator"}},"236791":{"mob":{"orientation":{"y":0,"x":0,"w":1,"z":0},"position":{"y":6,"x":5,"z":6}},"stonehearth:construction_data":{"project_adjacent_to_base":true},"shape":[{"max":{"y":6,"x":1,"z":1},"min":{"y":0,"x":0,"z":0},"tag":2042675}],"stonehearth:column":{"brush":"#332B1F","roof":244138,"connected_walls":[236971,237295]},"uri":"stonehearth:build:prototypes:column","stonehearth:construction_progress":{"building_entity":229473,"fabricator_component_name":"stonehearth:fabricator"}},"262479":{"stonehearth:floor":{"connected_to":{},"category":"slab"},"mob":{"orientation":{"y":0,"x":0,"w":1,"z":0},"position":{"y":0,"x":0,"z":0}},"stonehearth:construction_data":{"project_adjacent_to_base":false},"shape":[{"max":{"y":5,"x":1,"z":1},"min":{"y":0,"x":0,"z":0},"tag":1581360},{"max":{"y":5,"x":1,"z":6},"min":{"y":0,"x":0,"z":5},"tag":1581360},{"max":{"y":6,"x":6,"z":8},"min":{"y":5,"x":0,"z":7},"tag":1581360},{"max":{"y":5,"x":6,"z":1},"min":{"y":0,"x":5,"z":0},"tag":1581360},{"max":{"y":5,"x":6,"z":6},"min":{"y":0,"x":5,"z":5},"tag":1581360},{"max":{"y":6,"x":7,"z":7},"min":{"y":5,"x":6,"z":6},"tag":1581360},{"max":{"y":6,"x":8,"z":6},"min":{"y":5,"x":7,"z":0},"tag":1581360}],"uri":"stonehearth:build:prototypes:floor","stonehearth:construction_progress":{"building_entity":229473,"fabricator_component_name":"stonehearth:fabricator"}},"262659":{"stonehearth:floor":{"connected_to":{},"category":"foundation"},"mob":{"orientation":{"y":0,"x":0,"w":1,"z":0},"position":{"y":5,"x":0,"z":-1}},"stonehearth:construction_data":{"project_adjacent_to_base":false},"shape":[{"max":{"y":1,"x":2,"z":1},"min":{"y":0,"x":0,"z":0},"tag":5604501},{"max":{"y":1,"x":6,"z":1},"min":{"y":0,"x":4,"z":0},"tag":5604501},{"max":{"y":1,"x":4,"z":1},"min":{"y":0,"x":2,"z":0},"tag":6657189}],"uri":"stonehearth:build:prototypes:floor","stonehearth:construction_progress":{"building_entity":229473,"fabricator_component_name":"stonehearth:fabricator"}},"235459":{"mob":{"orientation":{"y":0,"x":0,"w":1,"z":0},"position":{"y":6,"x":5,"z":0}},"stonehearth:construction_data":{"project_adjacent_to_base":true},"shape":[{"max":{"y":6,"x":1,"z":1},"min":{"y":0,"x":0,"z":0},"tag":2042675}],"stonehearth:column":{"brush":"#332B1F","roof":244138,"connected_walls":[235639,235963]},"uri":"stonehearth:build:prototypes:column","stonehearth:construction_progress":{"building_entity":229473,"fabricator_component_name":"stonehearth:fabricator"}},"230593":{"stonehearth:floor":{"connected_to":[237799,238303,235459,235963,234913,236467,236971,236107,237475,237979,237115,238483,235639,238123,235279,236647,235783,236287,237655,236791,238807,237295,238663,235099],"category":"foundation"},"mob":{"orientation":{"y":0,"x":0,"w":1,"z":0},"position":{"y":5,"x":0,"z":0}},"stonehearth:construction_data":{"project_adjacent_to_base":false},"shape":[{"max":{"y":1,"x":0,"z":3},"min":{"y":0,"x":-1,"z":1},"tag":5604501},{"max":{"y":1,"x":0,"z":6},"min":{"y":0,"x":-1,"z":5},"tag":5604501},{"max":{"y":1,"x":0,"z":1},"min":{"y":0,"x":-1,"z":0},"tag":6657189},{"max":{"y":1,"x":0,"z":5},"min":{"y":0,"x":-1,"z":3},"tag":6657189}],"uri":"stonehearth:build:prototypes:floor","stonehearth:construction_progress":{"building_entity":229473,"fabricator_component_name":"stonehearth:fabricator"}},"236647":{"stonehearth:wall":{"normal":{"y":0,"x":0,"z":1},"brush":"stonehearth:build:brushes:wall:wooden_wall","pos_a":{"y":6,"x":5,"z":5},"roofs":[244138],"column_b":236107,"column_a":236467,"pos_b":{"y":6,"x":6,"z":5}},"mob":{"orientation":{"y":0,"x":0,"w":1,"z":0},"position":{"y":6,"x":5,"z":5}},"stonehearth:construction_data":{"normal":{"y":0,"x":0,"z":1},"project_adjacent_to_base":false},"uri":"stonehearth:build:prototypes:wall","shape":{},"stonehearth:construction_progress":{"building_entity":229473,"fabricator_component_name":"stonehearth:fabricator"}},"237655":{"stonehearth:wall":{"normal":{"y":0,"x":-1,"z":0},"brush":"stonehearth:build:brushes:wall:wooden_wall","pos_a":{"y":6,"x":0,"z":5},"roofs":[244138],"column_b":237115,"column_a":237475,"pos_b":{"y":6,"x":0,"z":6}},"mob":{"orientation":{"y":0,"x":0,"w":1,"z":0},"position":{"y":6,"x":0,"z":5}},"stonehearth:construction_data":{"normal":{"y":0,"x":-1,"z":0},"project_adjacent_to_base":false},"uri":"stonehearth:build:prototypes:wall","shape":{},"stonehearth:construction_progress":{"building_entity":229473,"fabricator_component_name":"stonehearth:fabricator"}},"236287":{"stonehearth:wall":{"normal":{"y":0,"x":1,"z":0},"brush":"stonehearth:build:brushes:wall:wooden_wall","pos_a":{"y":6,"x":6,"z":0},"roofs":[244138],"column_b":236107,"column_a":235783,"pos_b":{"y":6,"x":6,"z":5}},"mob":{"orientation":{"y":0,"x":0,"w":1,"z":0},"position":{"y":6,"x":6,"z":1}},"stonehearth:construction_data":{"normal":{"y":0,"x":1,"z":0},"project_adjacent_to_base":false},"uri":"stonehearth:build:prototypes:wall","shape":[{"max":{"y":1,"x":1,"z":4},"min":{"y":0,"x":0,"z":0},"tag":3097678},{"max":{"y":6,"x":1,"z":4},"min":{"y":4,"x":0,"z":0},"tag":3097678}],"children":{"241702":{"mob":{"orientation":{"y":0.707107,"x":0,"w":-0.707107,"z":0},"position":{"y":1,"x":0,"z":3}},"stonehearth:fixture_fabricator":{"normal":{"y":0,"x":1,"z":0},"fixture_uri":"stonehearth:portals:wooden_window_frame_tall"},"uri":"\/stonehearth\/entities\/construction\/wooden_window_frame_tall\/wooden_window_frame_tall_ghost.json","stonehearth:construction_progress":{"building_entity":229473,"fabricator_component_name":"stonehearth:fixture_fabricator"}},"241861":{"mob":{"orientation":{"y":0.707107,"x":0,"w":-0.707107,"z":0},"position":{"y":1,"x":0,"z":1}},"stonehearth:fixture_fabricator":{"normal":{"y":0,"x":1,"z":0},"fixture_uri":"stonehearth:portals:wooden_window_frame_tall"},"uri":"\/stonehearth\/entities\/construction\/wooden_window_frame_tall\/wooden_window_frame_tall_ghost.json","stonehearth:construction_progress":{"building_entity":229473,"fabricator_component_name":"stonehearth:fixture_fabricator"}}},"stonehearth:construction_progress":{"building_entity":229473,"fabricator_component_name":"stonehearth:fabricator"}},"235279":{"stonehearth:wall":{"normal":{"y":0,"x":0,"z":-1},"brush":"stonehearth:build:brushes:wall:wooden_wall","pos_a":{"y":6,"x":0,"z":-1},"roofs":[244138],"column_b":235099,"column_a":234913,"pos_b":{"y":6,"x":5,"z":-1}},"mob":{"orientation":{"y":0,"x":0,"w":1,"z":0},"position":{"y":6,"x":1,"z":-1}},"stonehearth:construction_data":{"normal":{"y":0,"x":0,"z":-1},"project_adjacent_to_base":false},"uri":"stonehearth:build:prototypes:wall","shape":[{"max":{"y":1,"x":4,"z":1},"min":{"y":0,"x":0,"z":0},"tag":3097678},{"max":{"y":6,"x":4,"z":1},"min":{"y":4,"x":0,"z":0},"tag":3097678}],"children":{"241971":{"mob":{"orientation":{"y":0,"x":0,"w":1,"z":0},"position":{"y":1,"x":3,"z":0}},"stonehearth:fixture_fabricator":{"normal":{"y":0,"x":0,"z":-1},"fixture_uri":"stonehearth:portals:wooden_window_frame_tall"},"uri":"\/stonehearth\/entities\/construction\/wooden_window_frame_tall\/wooden_window_frame_tall_ghost.json","stonehearth:construction_progress":{"building_entity":229473,"fabricator_component_name":"stonehearth:fixture_fabricator"}},"242115":{"mob":{"orientation":{"y":0,"x":0,"w":1,"z":0},"position":{"y":1,"x":1,"z":0}},"stonehearth:fixture_fabricator":{"normal":{"y":0,"x":0,"z":-1},"fixture_uri":"stonehearth:portals:wooden_window_frame_tall"},"uri":"\/stonehearth\/entities\/construction\/wooden_window_frame_tall\/wooden_window_frame_tall_ghost.json","stonehearth:construction_progress":{"building_entity":229473,"fabricator_component_name":"stonehearth:fixture_fabricator"}}},"stonehearth:construction_progress":{"building_entity":229473,"fabricator_component_name":"stonehearth:fabricator"}},"238303":{"stonehearth:wall":{"normal":{"y":0,"x":-1,"z":0},"brush":"stonehearth:build:brushes:wall:wooden_wall","pos_a":{"y":6,"x":-1,"z":0},"roofs":[244138],"column_b":237799,"column_a":238123,"pos_b":{"y":6,"x":-1,"z":5}},"mob":{"orientation":{"y":0,"x":0,"w":1,"z":0},"position":{"y":6,"x":-1,"z":4}},"stonehearth:construction_data":{"normal":{"y":0,"x":-1,"z":0},"project_adjacent_to_base":false},"uri":"stonehearth:build:prototypes:wall","shape":[{"max":{"y":1,"x":1,"z":1},"min":{"y":0,"x":0,"z":-3},"tag":3097678},{"max":{"y":6,"x":1,"z":1},"min":{"y":4,"x":0,"z":-3},"tag":3097678}],"children":{"242225":{"mob":{"orientation":{"y":0.707107,"x":0,"w":0.707107,"z":0},"position":{"y":1,"x":0,"z":-2}},"stonehearth:fixture_fabricator":{"normal":{"y":0,"x":-1,"z":0},"fixture_uri":"stonehearth:portals:wooden_window_frame_tall"},"uri":"\/stonehearth\/entities\/construction\/wooden_window_frame_tall\/wooden_window_frame_tall_ghost.json","stonehearth:construction_progress":{"building_entity":229473,"fabricator_component_name":"stonehearth:fixture_fabricator"}},"242319":{"mob":{"orientation":{"y":0.707107,"x":0,"w":0.707107,"z":0},"position":{"y":1,"x":0,"z":0}},"stonehearth:fixture_fabricator":{"normal":{"y":0,"x":-1,"z":0},"fixture_uri":"stonehearth:portals:wooden_window_frame_tall"},"uri":"\/stonehearth\/entities\/construction\/wooden_window_frame_tall\/wooden_window_frame_tall_ghost.json","stonehearth:construction_progress":{"building_entity":229473,"fabricator_component_name":"stonehearth:fixture_fabricator"}}},"stonehearth:construction_progress":{"building_entity":229473,"fabricator_component_name":"stonehearth:fabricator"}},"237475":{"mob":{"orientation":{"y":0,"x":0,"w":1,"z":0},"position":{"y":6,"x":0,"z":5}},"stonehearth:construction_data":{"project_adjacent_to_base":true},"shape":[{"max":{"y":6,"x":1,"z":1},"min":{"y":0,"x":0,"z":0},"tag":2042675}],"stonehearth:column":{"brush":"#332B1F","roof":244138,"connected_walls":[237655,237979]},"uri":"stonehearth:build:prototypes:column","stonehearth:construction_progress":{"building_entity":229473,"fabricator_component_name":"stonehearth:fabricator"}},"235783":{"mob":{"orientation":{"y":0,"x":0,"w":1,"z":0},"position":{"y":6,"x":6,"z":0}},"stonehearth:construction_data":{"project_adjacent_to_base":true},"shape":[{"max":{"y":6,"x":1,"z":1},"min":{"y":0,"x":0,"z":0},"tag":2042675}],"stonehearth:column":{"brush":"#332B1F","roof":244138,"connected_walls":[235963,236287]},"uri":"stonehearth:build:prototypes:column","stonehearth:construction_progress":{"building_entity":229473,"fabricator_component_name":"stonehearth:fabricator"}},"262299":{"stonehearth:floor":{"connected_to":{},"category":"slab"},"mob":{"orientation":{"y":0,"x":0,"w":1,"z":0},"position":{"y":5,"x":0,"z":-2}},"stonehearth:construction_data":{"project_adjacent_to_base":false},"shape":[{"max":{"y":1,"x":6,"z":1},"min":{"y":0,"x":0,"z":0},"tag":1581360},{"max":{"y":1,"x":7,"z":2},"min":{"y":0,"x":6,"z":1},"tag":1581360}],"uri":"stonehearth:build:prototypes:floor","stonehearth:construction_progress":{"building_entity":229473,"fabricator_component_name":"stonehearth:fabricator"}},"236467":{"mob":{"orientation":{"y":0,"x":0,"w":1,"z":0},"position":{"y":6,"x":5,"z":5}},"stonehearth:construction_data":{"project_adjacent_to_base":true},"shape":[{"max":{"y":6,"x":1,"z":1},"min":{"y":0,"x":0,"z":0},"tag":2042675}],"stonehearth:column":{"brush":"#332B1F","roof":244138,"connected_walls":[236647,236971]},"uri":"stonehearth:build:prototypes:column","stonehearth:construction_progress":{"building_entity":229473,"fabricator_component_name":"stonehearth:fabricator"}},"238123":{"mob":{"orientation":{"y":0,"x":0,"w":1,"z":0},"position":{"y":6,"x":-1,"z":0}},"stonehearth:construction_data":{"project_adjacent_to_base":true},"shape":[{"max":{"y":6,"x":1,"z":1},"min":{"y":0,"x":0,"z":0},"tag":2042675}],"stonehearth:column":{"brush":"#332B1F","roof":244138,"connected_walls":[238303,238663]},"uri":"stonehearth:build:prototypes:column","stonehearth:construction_progress":{"building_entity":229473,"fabricator_component_name":"stonehearth:fabricator"}},"236971":{"stonehearth:wall":{"normal":{"y":0,"x":1,"z":0},"brush":"stonehearth:build:brushes:wall:wooden_wall","pos_a":{"y":6,"x":5,"z":5},"roofs":[244138],"column_b":236791,"column_a":236467,"pos_b":{"y":6,"x":5,"z":6}},"mob":{"orientation":{"y":0,"x":0,"w":1,"z":0},"position":{"y":6,"x":5,"z":6}},"stonehearth:construction_data":{"normal":{"y":0,"x":1,"z":0},"project_adjacent_to_base":false},"uri":"stonehearth:build:prototypes:wall","shape":{},"stonehearth:construction_progress":{"building_entity":229473,"fabricator_component_name":"stonehearth:fabricator"}},"238807":{"stonehearth:wall":{"normal":{"y":0,"x":-1,"z":0},"brush":"stonehearth:build:brushes:wall:wooden_wall","pos_a":{"y":6,"x":0,"z":-1},"roofs":[244138],"column_b":238483,"column_a":234913,"pos_b":{"y":6,"x":0,"z":0}},"mob":{"orientation":{"y":0,"x":0,"w":1,"z":0},"position":{"y":6,"x":0,"z":-1}},"stonehearth:construction_data":{"normal":{"y":0,"x":-1,"z":0},"project_adjacent_to_base":false},"uri":"stonehearth:build:prototypes:wall","shape":{},"stonehearth:construction_progress":{"building_entity":229473,"fabricator_component_name":"stonehearth:fabricator"}},"262113":{"stonehearth:floor":{"connected_to":{},"category":"slab"},"mob":{"orientation":{"y":0,"x":0,"w":1,"z":0},"position":{"y":5,"x":-2,"z":0}},"stonehearth:construction_data":{"project_adjacent_to_base":false},"shape":[{"max":{"y":1,"x":1,"z":6},"min":{"y":0,"x":0,"z":0},"tag":1581360},{"max":{"y":1,"x":2,"z":7},"min":{"y":0,"x":1,"z":6},"tag":1581360}],"uri":"stonehearth:build:prototypes:floor","stonehearth:construction_progress":{"building_entity":229473,"fabricator_component_name":"stonehearth:fabricator"}},"235963":{"stonehearth:wall":{"normal":{"y":0,"x":0,"z":-1},"brush":"stonehearth:build:brushes:wall:wooden_wall","pos_a":{"y":6,"x":5,"z":0},"roofs":[244138],"column_b":235783,"column_a":235459,"pos_b":{"y":6,"x":6,"z":0}},"mob":{"orientation":{"y":0,"x":0,"w":1,"z":0},"position":{"y":6,"x":6,"z":0}},"stonehearth:construction_data":{"normal":{"y":0,"x":0,"z":-1},"project_adjacent_to_base":false},"uri":"stonehearth:build:prototypes:wall","shape":{},"stonehearth:construction_progress":{"building_entity":229473,"fabricator_component_name":"stonehearth:fabricator"}},"237115":{"mob":{"orientation":{"y":0,"x":0,"w":1,"z":0},"position":{"y":6,"x":0,"z":6}},"stonehearth:construction_data":{"project_adjacent_to_base":true},"shape":[{"max":{"y":6,"x":1,"z":1},"min":{"y":0,"x":0,"z":0},"tag":2042675}],"stonehearth:column":{"brush":"#332B1F","roof":244138,"connected_walls":[237295,237655]},"uri":"stonehearth:build:prototypes:column","stonehearth:construction_progress":{"building_entity":229473,"fabricator_component_name":"stonehearth:fabricator"}},"238483":{"mob":{"orientation":{"y":0,"x":0,"w":1,"z":0},"position":{"y":6,"x":0,"z":0}},"stonehearth:construction_data":{"project_adjacent_to_base":true},"shape":[{"max":{"y":6,"x":1,"z":1},"min":{"y":0,"x":0,"z":0},"tag":2042675}],"stonehearth:column":{"brush":"#332B1F","roof":244138,"connected_walls":[238663,238807]},"uri":"stonehearth:build:prototypes:column","stonehearth:construction_progress":{"building_entity":229473,"fabricator_component_name":"stonehearth:fabricator"}}},"stonehearth:construction_progress":{}}}